begin,end,open,high,low,close,volume,value
2023-01-20,2023-01-20 23:59:59,87.0,90.0,81.0002,85.0,805,51112289.74
2023-01-23,2023-01-23 23:59:59,85.0,86.8999,84.0006,85.0,1365,86646355.6
2023-01-24,2023-01-24 23:59:59,84.1001,84.2495,78.5,80.4999,4348,259993437.16
2023-01-25,2023-01-25 23:59:59,80.4899,80.5,77.75,78.4,2324,135758869.69
2023-01-26,2023-01-26 23:59:59,78.4,78.4,75.4,75.7,2629,150041308.52
2023-01-27,2023-01-27 23:59:59,76.0001,76.0001,74.5001,75.5,2071,117346861.44
2023-01-30,2023-01-30 23:59:59,76.4999,76.4999,50.0,75.99,2196,124402647.52
2023-01-31,2023-01-31 23:59:59,75.1103,75.9799,74.9898,75.6,1664,95071007.49
2023-02-01,2023-02-01 23:59:59,75.7,75.75,73.75,74.0,2825,160174381.38
2023-02-02,2023-02-02 23:59:59,74.5,74.55,72.551,73.25,4140,231233074.01
2023-02-03,2023-02-03 23:59:59,73.2,74.0,72.8882,73.4904,1753,98904748.39
2023-02-06,2023-02-06 23:59:59,74.4999,74.4999,71.1998,72.5,1104,61360943.83
2023-02-07,2023-02-07 23:59:59,72.99,72.99,71.3596,71.95,2688,147214380.56
2023-02-08,2023-02-08 23:59:59,72.488,75.35,71.5587,75.2999,3980,218805788.97
2023-02-09,2023-02-09 23:59:59,75.5999,75.8999,75.0,75.8997,1142,66098745.02
2023-02-10,2023-02-10 23:59:59,75.0,75.0001,74.25,74.9999,901,52573734.16
2023-02-13,2023-02-13 23:59:59,75.4498,76.4,74.13,74.9876,390,22826193.81
2023-02-14,2023-02-14 23:59:59,75.2893,75.2893,74.35,74.35,739,43579806.82
2023-02-15,2023-02-15 23:59:59,74.4934,74.9698,72.6201,72.9,1168,68372746.14
2023-02-16,2023-02-16 23:59:59,72.75,72.75,70.0,71.0,819,46398400.12
2023-02-17,2023-02-17 23:59:59,70.9899,71.4397,70.5,71.25,401,22730438.8
2023-02-20,2023-02-20 23:59:59,72.3991,72.47,70.1552,71.33,468,26750969.5
2023-02-21,2023-02-21 23:59:59,71.9605,72.4,71.82,72.4,180,10256757.78
2023-02-22,2023-02-22 23:59:59,72.4016,73.4889,71.0,72.4999,1014,58534670.25
2023-02-24,2023-02-24 23:59:59,73.0,73.0,72.65,72.65,264,15331601.37
2023-02-27,2023-02-27 23:59:59,72.4001,73.3978,71.6335,72.25,1268,73178727.06
2023-02-28,2023-02-28 23:59:59,72.0001,72.4974,71.0,71.99,720,41134351.99
2023-03-01,2023-03-01 23:59:59,71.5007,72.1,71.0,72.0,1368,77857977.29
2023-03-02,2023-03-02 23:59:59,72.0999,72.1,71.55,71.93,850,49015800.73
2023-03-03,2023-03-03 23:59:59,71.8101,71.8101,71.0529,71.6,1108,63462146.56
2023-03-06,2023-03-06 23:59:59,72.09,72.1,71.3799,71.38,484,27690744.21
2023-03-07,2023-03-07 23:59:59,71.4001,71.8981,71.3999,71.5998,366,21064599.02
2023-03-09,2023-03-09 23:59:59,71.995,72.0,71.8,71.8,574,33242727.18
2023-03-10,2023-03-10 23:59:59,71.5002,72.899,71.5002,72.5989,757,43727956.43
2023-03-13,2023-03-13 23:59:59,73.2993,73.2993,71.76,72.0,2014,116510833.77
2023-03-14,2023-03-14 23:59:59,72.4991,73.97,71.91,73.8999,671,39577119.61
2023-03-15,2023-03-15 23:59:59,72.822,78.8879,72.8219,76.8945,1628,99380832.76
2023-03-16,2023-03-16 23:59:59,76.9999,76.9999,75.43,76.1904,1506,92213928.91
2023-03-17,2023-03-17 23:59:59,76.0027,77.848,75.5504,76.0111,1674,103328439.49
2023-03-20,2023-03-20 23:59:59,76.0,76.8894,75.7667,76.25,1329,82738473.55
2023-03-21,2023-03-21 23:59:59,76.0007,76.5001,75.25,76.2,289,18122695.22
2023-03-22,2023-03-22 23:59:59,77.55,77.55,75.5248,76.2001,438,27658332.47
2023-03-23,2023-03-23 23:59:59,76.2004,76.3,75.2599,75.2603,319,20059935.83
2023-03-24,2023-03-24 23:59:59,76.4645,76.4998,75.0,75.9995,523,32897343.01
2023-03-27,2023-03-27 23:59:59,75.0737,75.82,74.75,75.5,2324,143645652.36
2023-03-28,2023-03-28 23:59:59,75.0005,75.98,75.0,75.88,846,52682935.31
2023-03-29,2023-03-29 23:59:59,75.8,75.98,75.8,75.98,217,13638216.07
2023-03-30,2023-03-30 23:59:59,75.9799,76.09,74.8003,75.97,738,46479782.05
2023-03-31,2023-03-31 23:59:59,75.5051,76.1899,75.1,76.18,122,7721834.16
2023-04-03,2023-04-03 23:59:59,75.5254,76.2989,75.5205,76.2989,967,61881344.5
2023-04-04,2023-04-04 23:59:59,76.28,76.4987,76.1999,76.4987,722,46671980.4
2023-04-05,2023-04-05 23:59:59,75.5506,75.7488,74.5,74.5401,274,17899519.87
2023-04-06,2023-04-06 23:59:59,74.25,75.0046,74.1111,74.8,491,32026805.58
2023-04-07,2023-04-07 23:59:59,74.85,75.5396,74.4,74.9893,101,6666964.64
2023-04-10,2023-04-10 23:59:59,74.2899,74.2899,73.02,73.4,436,28906354.45
2023-04-11,2023-04-11 23:59:59,74.8895,74.8895,73.5515,73.5515,410,27087175.06
2023-04-12,2023-04-12 23:59:59,73.9943,74.4994,73.22,73.7298,578,38191305.28
2023-04-13,2023-04-13 23:59:59,73.9998,73.9998,71.26,72.4989,1341,86843475.31
2023-04-14,2023-04-14 23:59:59,72.69,72.69,71.3,71.7001,1281,82695634.61
2023-04-17,2023-04-17 23:59:59,72.3499,72.3998,70.2099,71.03,1013,64763404.76
2023-04-18,2023-04-18 23:59:59,71.5,72.0001,70.8,71.5,1177,75186079.35
2023-04-19,2023-04-19 23:59:59,71.9,72.3898,71.0505,71.3,151,9678783.48
2023-04-20,2023-04-20 23:59:59,71.2999,72.1,70.9001,71.2,1788,114043015.76
2023-04-21,2023-04-21 23:59:59,71.3136,71.41,70.8999,71.3265,246,15662336.68
2023-04-24,2023-04-24 23:59:59,71.68,71.75,70.56,71.0624,979,61956798.98
2023-04-25,2023-04-25 23:59:59,72.2993,72.2994,71.0,71.0,695,44273784.23
2023-04-26,2023-04-26 23:59:59,71.0002,71.8995,70.9499,71.74,964,62229008.94
2023-04-27,2023-04-27 23:59:59,71.74,72.0994,71.6002,71.9989,1163,75419354.47
2023-04-28,2023-04-28 23:59:59,71.9988,71.9988,70.01,70.3055,2354,149759118.77
2023-05-02,2023-05-02 23:59:59,71.9597,71.96,70.8,70.9,498,31315310.98
2023-05-03,2023-05-03 23:59:59,71.75,71.9499,71.1,71.9,358,22430474.82
2023-05-04,2023-05-04 23:59:59,71.9699,72.3999,70.6102,71.39,521,32574180.03
2023-05-05,2023-05-05 23:59:59,71.4989,71.4989,70.7,71.0,420,25963462.77
2023-05-08,2023-05-08 23:59:59,72.4995,73.4699,71.5,72.2511,480,29467540.57
2023-05-10,2023-05-10 23:59:59,71.4,72.4795,71.4,71.65,258,15757312.28
2023-05-11,2023-05-11 23:59:59,71.5106,73.749,71.5102,73.6684,826,50244786.89
2023-05-12,2023-05-12 23:59:59,73.7994,74.9,73.7994,74.62,622,38412978.55
2023-05-15,2023-05-15 23:59:59,74.9797,74.999,74.1839,74.5008,184,11606558.74
2023-05-16,2023-05-16 23:59:59,74.0002,75.0,73.9,73.9,454,28974109.73
2023-05-17,2023-05-17 23:59:59,73.5002,73.5003,72.55,72.55,238,15138083.11
2023-05-18,2023-05-18 23:59:59,72.49,72.49,71.6001,72.4867,329,20698019.08
2023-05-19,2023-05-19 23:59:59,72.4799,73.1881,72.4799,72.8,791,49647346.31
2023-05-22,2023-05-22 23:59:59,72.6,72.95,72.1003,72.6887,47,2948549.76
2023-05-23,2023-05-23 23:59:59,73.0,73.5001,72.5,72.7998,220,13821011.19
2023-05-24,2023-05-24 23:59:59,72.7998,72.85,72.0602,72.5,500,31398130.07
2023-05-25,2023-05-25 23:59:59,72.0172,73.1998,72.0,72.6299,178,11127719.67
2023-05-26,2023-05-26 23:59:59,72.4998,73.24,71.6003,71.6003,574,35453981.87
2023-05-29,2023-05-29 23:59:59,71.7977,71.7999,71.6499,71.65,257,15843441.69
2023-05-30,2023-05-30 23:59:59,71.8,71.8,71.62,71.72,40,2463443.1
2023-05-31,2023-05-31 23:59:59,71.7098,71.7098,71.0,71.3998,1739,106951673.32
2023-06-01,2023-06-01 23:59:59,71.5,71.5,70.9,71.385,1709,104925173.61
2023-06-02,2023-06-02 23:59:59,70.9026,71.7498,70.9,71.699,440,27124386.24
2023-06-05,2023-06-05 23:59:59,71.6898,71.6898,70.7001,70.9504,294,18177359.86
2023-06-06,2023-06-06 23:59:59,71.5689,71.5889,70.8042,71.2,252,15670216.59
2023-06-07,2023-06-07 23:59:59,71.4886,71.4886,70.911,71.444,246,15200422.69
2023-06-08,2023-06-08 23:59:59,71.35,72.0001,71.25,72.0001,1518,94963924.85
2023-06-09,2023-06-09 23:59:59,73.3999,73.4186,71.2032,72.2989,642,40813322.44
2023-06-13,2023-06-13 23:59:59,71.9062,72.4001,71.2604,72.4,383,24513916.53
2023-06-14,2023-06-14 23:59:59,72.4899,72.49,71.2248,72.0,1520,98888474.68
2023-06-15,2023-06-15 23:59:59,71.63,71.6979,70.8,70.9301,378,24411396.58
2023-06-16,2023-06-16 23:59:59,71.35,71.4878,70.9045,71.4878,283,18337331.02
2023-06-19,2023-06-19 23:59:59,71.7999,71.8,70.9685,71.2478,956,62208989.16
2023-06-20,2023-06-20 23:59:59,71.39,71.9994,71.2,71.9172,160,10489193.59
2023-06-21,2023-06-21 23:59:59,71.0178,71.3997,71.0,71.2,72,4713512.48
2023-06-22,2023-06-22 23:59:59,71.1111,71.2487,70.9702,71.099,186,12156466.89
2023-06-23,2023-06-23 23:59:59,71.1999,71.2198,70.7016,71.0,493,32140918.44
2023-06-26,2023-06-26 23:59:59,71.24,71.2499,70.9005,71.208,520,33827045.13
2023-06-27,2023-06-27 23:59:59,70.9009,71.1,70.5502,71.1,395,25812995.73
2023-06-28,2023-06-28 23:59:59,70.75,71.1,70.7,70.8657,671,44320501.33
2023-06-29,2023-06-29 23:59:59,70.866,71.9887,70.01,71.8996,441,29479496.02
2023-06-30,2023-06-30 23:59:59,70.7316,71.9894,70.7316,71.7,771,52346473.9
2023-07-03,2023-07-03 23:59:59,71.6791,71.6791,71.0,71.2141,110,7504900.25
2023-07-04,2023-07-04 23:59:59,71.0022,71.1,70.1786,70.2,513,35256806.36
2023-07-05,2023-07-05 23:59:59,70.18,70.45,69.99,70.19,463,31709916.78
2023-07-06,2023-07-06 23:59:59,70.0543,70.5,68.9467,69.0,936,63743728.78
2023-07-07,2023-07-07 23:59:59,68.1998,68.1998,67.01,67.99,731,49855755.33
2023-07-10,2023-07-10 23:59:59,67.9999,68.2488,67.8541,67.9231,359,24382648.37
2023-07-11,2023-07-11 23:59:59,67.6899,67.98,66.9999,67.0,510,34472529.31
2023-07-12,2023-07-12 23:59:59,67.12,67.7156,67.0,67.6,374,25068398.35
2023-07-13,2023-07-13 23:59:59,67.5682,67.65,66.9999,67.35,3206,214726592.44
2023-07-14,2023-07-14 23:59:59,66.6999,66.9498,65.9,66.7888,1817,121117106.05
2023-07-17,2023-07-17 23:59:59,66.888,66.888,65.99,66.54,1004,67307485.96
2023-07-18,2023-07-18 23:59:59,66.2882,66.5,66.1001,66.1127,123,8280893.01
2023-07-19,2023-07-19 23:59:59,66.298,66.2981,65.9,66.0,214,14413490.96
2023-07-20,2023-07-20 23:59:59,65.8301,65.9993,64.601,64.9494,686,45704780.51
2023-07-21,2023-07-21 23:59:59,65.3,65.9989,65.0,65.5476,320,21360746.28
2023-07-24,2023-07-24 23:59:59,66.4298,66.4298,65.06,66.0,395,26152652.28
2023-07-25,2023-07-25 23:59:59,66.0005,66.4244,65.6002,65.7125,148,9784022.93
2023-07-26,2023-07-26 23:59:59,65.75,66.3484,64.9784,65.6499,3333,216489652.12
2023-07-27,2023-07-27 23:59:59,65.759,65.9985,64.9,65.3996,2170,141104591.07
2023-07-28,2023-07-28 23:59:59,65.0205,65.851,64.84,65.851,267,17434213.73
2023-07-31,2023-07-31 23:59:59,66.9998,67.0,65.9376,66.51,112,7450358.25
2023-08-01,2023-08-01 23:59:59,66.5005,66.79,64.8,66.35,2824,186783533.51
2023-08-02,2023-08-02 23:59:59,66.5,69.0,66.3,68.0206,3516,238173800.48
2023-08-03,2023-08-03 23:59:59,68.5491,68.5491,67.17,67.25,1458,99973412.74
2023-08-04,2023-08-04 23:59:59,67.2537,67.9,66.9999,67.87,1616,111888362.09
2023-08-07,2023-08-07 23:59:59,68.8,68.8,67.5,67.5,1812,127673766.34
2023-08-08,2023-08-08 23:59:59,67.0,67.0001,65.5,66.4995,424,29808050.35
2023-08-09,2023-08-09 23:59:59,66.6208,68.1,66.62,67.7,786,55892234.5
2023-08-10,2023-08-10 23:59:59,67.5,67.999,66.1501,66.75,1337,95516990.03
2023-08-11,2023-08-11 23:59:59,66.725,66.9997,66.41,66.9997,1924,137613497.71
2023-08-14,2023-08-14 23:59:59,66.99,67.4798,65.9,65.9,284,20480490.11
2023-08-15,2023-08-15 23:59:59,65.1,65.1,63.55,63.8001,845,60219412.31
2023-08-16,2023-08-16 23:59:59,66.0,66.0,63.7501,63.987,1046,71835444.43
2023-08-17,2023-08-17 23:59:59,64.3345,64.3345,62.5041,63.4395,453,30153884.74
2023-08-18,2023-08-18 23:59:59,65.4091,65.4091,63.0101,63.45,1092,70809352.48
2023-08-21,2023-08-21 23:59:59,64.95,64.95,64.45,64.45,223,14627565.63
2023-08-22,2023-08-22 23:59:59,64.06,64.4,63.8023,64.3689,334,21984274.03
2023-08-23,2023-08-23 23:59:59,64.3399,64.4899,63.8012,64.0,924,60930779.65
2023-08-24,2023-08-24 23:59:59,64.3948,64.8,64.2999,64.6983,108,7129821.59
2023-08-25,2023-08-25 23:59:59,66.8898,66.8898,65.4501,65.96,588,39732546.12
2023-08-28,2023-08-28 23:59:59,66.0,68.8305,66.0,68.8,1785,123735762.34
2023-08-29,2023-08-29 23:59:59,68.479,69.83,67.5,69.4051,1390,98746606.83
2023-08-30,2023-08-30 23:59:59,68.9051,69.6994,68.6147,69.6994,657,47205664.33
2023-08-31,2023-08-31 23:59:59,69.5998,69.6029,67.8999,68.0,192,13720610.59
2023-09-01,2023-09-01 23:59:59,68.45,68.49,67.82,68.28,722,51562255.15
2023-09-04,2023-09-04 23:59:59,68.3,69.9,68.1,69.9,349,25103188.11
2023-09-05,2023-09-05 23:59:59,70.0,70.0,69.2481,69.7204,177,12916533.22
2023-09-06,2023-09-06 23:59:59,69.1587,69.6874,69.1111,69.5,93,6783304.33
2023-09-07,2023-09-07 23:59:59,68.5112,69.4995,68.4999,68.5,368,26716832.49
2023-09-08,2023-09-08 23:59:59,68.5001,68.5001,67.17,67.2,249,17682534.82
2023-09-11,2023-09-11 23:59:59,67.1,67.1,65.3082,65.3082,479,33151731.82
2023-09-12,2023-09-12 23:59:59,65.4999,66.6,65.4999,66.1601,262,17854093.47
2023-09-13,2023-09-13 23:59:59,66.3501,68.4998,66.3501,68.48,393,26758178.72
2023-09-14,2023-09-14 23:59:59,67.7507,68.3996,66.9395,67.1082,107,7413287.64
2023-09-15,2023-09-15 23:59:59,67.0006,67.1601,66.0,67.16,305,21042629.06
2023-09-18,2023-09-18 23:59:59,66.6517,67.9994,66.6517,67.9938,184,12813894.56
2023-09-19,2023-09-19 23:59:59,67.993,67.993,67.1,67.5,508,35292836.25
2023-09-20,2023-09-20 23:59:59,67.4993,68.8,67.4993,68.4666,286,20114617.91
2023-09-21,2023-09-21 23:59:59,68.0092,68.4,67.0,68.0015,650,45710679.72
2023-09-22,2023-09-22 23:59:59,68.1,68.995,67.721,68.995,168,11794255.18
2023-09-25,2023-09-25 23:59:59,68.9951,69.3409,68.1256,68.8521,112,7878872.41
2023-09-26,2023-09-26 23:59:59,69.0598,69.3999,68.5,69.0,179,12578269.43
2023-09-27,2023-09-27 23:59:59,69.398,69.8799,68.998,69.1237,100,7088450.47
2023-09-28,2023-09-28 23:59:59,69.1462,69.4,68.601,68.6675,474,33313410.96
2023-09-29,2023-09-29 23:59:59,68.7,69.8,67.7001,69.75,563,39509423.56
2023-10-02,2023-10-02 23:59:59,69.7797,70.0003,69.1066,70.0,449,32237604.34
2023-10-03,2023-10-03 23:59:59,69.1208,69.8992,69.1208,69.4978,1253,90496284.17
2023-10-04,2023-10-04 23:59:59,69.0018,70.0,69.0,69.0212,163,11766942.26
2023-10-05,2023-10-05 23:59:59,69.6,70.2,69.0319,70.1,202,14665739.47
2023-10-06,2023-10-06 23:59:59,69.8038,71.2,69.8038,70.7349,106,7828830.94
2023-10-09,2023-10-09 23:59:59,70.7347,71.75,70.121,70.899,367,27827685.7
2023-10-10,2023-10-10 23:59:59,70.7989,70.9999,69.7001,70.0,201,15121684.45
2023-10-11,2023-10-11 23:59:59,70.1995,70.889,69.905,70.5306,113,8393548.48
2023-10-12,2023-10-12 23:59:59,68.1,68.8299,67.5157,67.63,1989,143014811.68
2023-10-13,2023-10-13 23:59:59,69.52,69.52,68.45,68.931,407,28934111.39
2023-10-16,2023-10-16 23:59:59,70.7297,70.7297,68.7454,69.6999,256,18348511.47
2023-10-17,2023-10-17 23:59:59,69.4999,69.8,69.0,69.8,373,26570089.17
2023-10-18,2023-10-18 23:59:59,69.8993,69.8993,68.82,69.1199,3261,231288165.86
2023-10-19,2023-10-19 23:59:59,69.6366,69.6366,68.0,68.5503,953,67306644.69
2023-10-20,2023-10-20 23:59:59,68.7,68.7,67.82,67.8217,83,5793855.92
2023-10-23,2023-10-23 23:59:59,68.316,68.7092,67.14,67.143,477,32742436.05
2023-10-24,2023-10-24 23:59:59,67.55,68.1796,67.5,67.7995,255,17292515.74
2023-10-25,2023-10-25 23:59:59,67.8104,68.5,67.5015,68.0,67,4526395.26
2023-10-26,2023-10-26 23:59:59,68.4,70.0,67.85,70.0,581,39511142.12
2023-10-27,2023-10-27 23:59:59,69.8802,70.99,69.4994,69.7798,1269,87121557.65
2023-10-30,2023-10-30 23:59:59,70.1498,70.1498,68.8428,69.9902,1076,74152298.54
2023-10-31,2023-10-31 23:59:59,69.9903,72.3998,69.0,71.7999,878,61447516.18
2023-11-01,2023-11-01 23:59:59,72.289,72.5482,71.6172,71.9944,300,21206959.74
2023-11-02,2023-11-02 23:59:59,72.0,72.0,71.5501,71.985,589,41706688.92
2023-11-03,2023-11-03 23:59:59,72.699,72.699,70.1216,70.88,325,22888950.1
2023-11-06,2023-11-06 23:59:59,71.0001,71.0001,70.4181,70.7,144,10085663.14
2023-11-07,2023-11-07 23:59:59,70.4181,71.3,70.4181,71.3,103,7222296.89
2023-11-08,2023-11-08 23:59:59,71.6173,71.6173,69.9999,70.1,492,34150140.3
2023-11-09,2023-11-09 23:59:59,70.3341,73.6636,70.3341,71.8989,2093,147785241.01
2023-11-10,2023-11-10 23:59:59,72.4599,72.4599,71.1001,72.39,228,16162930.07
2023-11-13,2023-11-13 23:59:59,72.99,74.0001,72.0257,73.25,1699,123248363.44
2023-11-14,2023-11-14 23:59:59,73.88,74.4994,73.0199,73.1,260,18809022.23
2023-11-15,2023-11-15 23:59:59,73.8991,73.8991,72.3,72.352,374,26557190.04
2023-11-16,2023-11-16 23:59:59,73.1501,73.6491,72.5065,72.5065,277,19592489.31
2023-11-17,2023-11-17 23:59:59,73.5347,73.99,72.6654,73.5051,553,39250216.75
2023-11-20,2023-11-20 23:59:59,73.6019,73.9889,73.0,73.4889,499,35405613.39
2023-11-21,2023-11-21 23:59:59,73.49,74.41,73.4535,74.0,609,43378056.61
2023-11-22,2023-11-22 23:59:59,74.1999,75.8998,74.1999,75.8393,812,59224628.34
2023-11-23,2023-11-23 23:59:59,75.8393,76.861,75.8393,76.861,2884,211723909.18
2023-11-24,2023-11-24 23:59:59,76.9,77.9998,76.9,77.9,935,70023314.96
2023-11-27,2023-11-27 23:59:59,77.8599,78.9999,75.7842,76.48,978,72548640.54
2023-11-28,2023-11-28 23:59:59,77.1795,77.1881,75.9001,76.5,935,69170548.61
2023-11-29,2023-11-29 23:59:59,76.2371,76.9787,75.5503,76.9297,3291,244329612.56
2023-11-30,2023-11-30 23:59:59,76.7999,77.4,76.0004,77.4,1005,75271547.69
2023-12-01,2023-12-01 23:59:59,76.9894,77.9,76.3161,77.8,222,16701717.78
2023-12-04,2023-12-04 23:59:59,77.9,79.9,77.2547,79.8999,6283,485443529.53
2023-12-05,2023-12-05 23:59:59,79.88,80.9999,78.9229,80.7497,2558,203055729.73
2023-12-06,2023-12-06 23:59:59,80.0367,80.9898,79.75,80.4885,2674,211922409.44
2023-12-07,2023-12-07 23:59:59,80.6,80.6,78.5001,79.0,466,36897195.68
2023-12-08,2023-12-08 23:59:59,79.0004,79.0004,77.7475,77.9899,596,46495744.19
2023-12-11,2023-12-11 23:59:59,77.9899,78.0173,76.654,76.9001,591,45029888.77
2023-12-12,2023-12-12 23:59:59,77.3773,78.6987,77.2501,78.5998,183,14044944.17
2023-12-13,2023-12-13 23:59:59,78.0075,78.544,77.1,78.2795,10763,814210254.34
2023-12-14,2023-12-14 23:59:59,78.3876,79.6,77.7,79.6,5222,397006269.33
2023-12-15,2023-12-15 23:59:59,79.6,79.6,78.1303,78.7436,3932,301712655.28
2023-12-18,2023-12-18 23:59:59,77.6624,78.3897,77.4,77.75,4083,312749173.94
2023-12-19,2023-12-19 23:59:59,77.7501,77.8899,76.9503,77.5899,7271,554440209.17
2023-12-20,2023-12-20 23:59:59,77.8899,78.9499,77.3,78.85,5340,410909116.52
2023-12-21,2023-12-21 23:59:59,78.85,80.4995,78.0154,79.5,10395,815344049.61
2023-12-22,2023-12-22 23:59:59,79.5,79.5,77.9999,79.1999,2085,164707319.7
2023-12-25,2023-12-25 23:59:59,78.4001,79.9941,78.0158,78.1941,2387,189856109.03
2023-12-26,2023-12-26 23:59:59,78.7088,78.7088,78.0,78.4896,1397,111186248.01
2023-12-27,2023-12-27 23:59:59,78.49,78.7598,78.0,78.45,2783,220184093.13
2023-12-28,2023-12-28 23:59:59,78.4901,78.77,77.5002,78.1999,1022,81119687.19
2023-12-29,2023-12-29 23:59:59,78.7696,78.8992,77.5,78.8196,1053,82841150.38
2024-01-03,2024-01-03 23:59:59,80.3899,80.3899,79.5,79.75,148,11706559.98
2024-01-04,2024-01-04 23:59:59,79.7009,80.0,79.3,79.9893,564,44608562.64
2024-01-05,2024-01-05 23:59:59,79.8012,79.9,79.5,79.8999,261,20661254.86
2024-01-08,2024-01-08 23:59:59,80.0,80.0,78.4499,79.0199,2533,197581191.43
2024-01-09,2024-01-09 23:59:59,79.8,79.8,78.1,78.4696,1725,134808015.79
2024-01-10,2024-01-10 23:59:59,78.4696,78.6992,77.85,78.0946,958,74170359.09
2024-01-11,2024-01-11 23:59:59,77.8649,78.9987,77.8648,78.7966,596,45859256.54
2024-01-12,2024-01-12 23:59:59,78.2022,78.7962,78.0,78.457,832,63368536.31
2024-01-15,2024-01-15 23:59:59,78.6869,78.9978,78.2999,78.6,427,32471949.19
2024-01-16,2024-01-16 23:59:59,79.29,79.5,78.5,78.89,2028,153787132.41
2024-01-17,2024-01-17 23:59:59,79.3998,80.3896,79.05,79.5,935,71062568.63
2024-01-18,2024-01-18 23:59:59,79.4998,79.8888,78.8908,79.0141,1336,101489483.4
2024-01-19,2024-01-19 23:59:59,79.4995,79.7997,78.5,78.9601,1087,83049007.74
2024-01-22,2024-01-22 23:59:59,79.0045,79.0045,78.1103,78.6,347,26233156.53
2024-01-23,2024-01-23 23:59:59,78.61,79.8729,78.6,79.479,624,47296584.16
2024-01-24,2024-01-24 23:59:59,79.1634,79.5,78.7,78.9957,1085,82065327.4
2024-01-25,2024-01-25 23:59:59,79.2643,79.4999,78.9,79.4686,1101,83775986.32
2024-01-26,2024-01-26 23:59:59,79.1003,79.99,78.511,79.9,1123,86489229.16
2024-01-29,2024-01-29 23:59:59,80.3795,80.3795,78.5922,78.7039,1941,149899761.13
2024-01-30,2024-01-30 23:59:59,78.7822,80.0,78.0001,79.5399,3747,289155523.06
2024-01-31,2024-01-31 23:59:59,79.5,80.3897,79.0,79.2537,1089,83614553.34
2024-02-01,2024-02-01 23:59:59,79.1045,79.2799,78.5101,78.887,1376,105345990.32
2024-02-02,2024-02-02 23:59:59,79.3471,79.7998,78.7507,79.3833,3941,303984315.81
2024-02-05,2024-02-05 23:59:59,78.7203,78.9896,77.8529,78.0,927,71582603.86
2024-02-06,2024-02-06 23:59:59,78.2882,78.39,78.1869,78.3397,476,36602671.2
2024-02-07,2024-02-07 23:59:59,78.7,78.78,78.0,78.5796,2201,168027850.06
2024-02-08,2024-02-08 23:59:59,78.64,78.6499,77.6707,77.6707,1243,94915120.56
2024-02-09,2024-02-09 23:59:59,77.6693,78.0,77.45,77.45,1454,111181080.61
2024-02-12,2024-02-12 23:59:59,78.0389,78.0389,77.29,77.6953,762,57838766.77
2024-02-13,2024-02-13 23:59:59,77.7,77.7,76.5,76.55,2461,186113105.54
2024-02-14,2024-02-14 23:59:59,76.6009,77.1846,74.9,75.0,6121,453009150.69
2024-02-15,2024-02-15 23:59:59,75.3033,75.83,74.9899,75.43,10206,749419093.79
2024-02-16,2024-02-16 23:59:59,75.7,76.0,75.1,75.5,3028,225024341.35
2024-02-19,2024-02-19 23:59:59,75.937,75.937,74.2,74.9869,1245,92274815.22
2024-02-20,2024-02-20 23:59:59,74.6,74.6,72.5103,72.9998,5203,378298415.01
2024-02-21,2024-02-21 23:59:59,72.9,72.9,70.2895,72.0,5937,422865919.91
2024-02-22,2024-02-22 23:59:59,72.0001,73.4808,71.5,72.4999,6698,483419362.62
2024-02-26,2024-02-26 23:59:59,72.5057,73.353,71.9,72.4994,2222,161360191.03
2024-02-27,2024-02-27 23:59:59,73.1999,74.75,72.9,74.6899,1973,145811655.54
2024-02-28,2024-02-28 23:59:59,74.68,75.1898,73.3205,74.459,5855,435597621.99
2024-02-29,2024-02-29 23:59:59,75.2496,75.7888,74.5078,75.59,773,57806089.16
2024-03-01,2024-03-01 23:59:59,76.42,77.7777,75.6001,76.2333,711,53453245.12
2024-03-04,2024-03-04 23:59:59,76.6,76.6,75.5,76.0,1229,92058437.65
2024-03-05,2024-03-05 23:59:59,76.0999,76.0999,74.3,74.34,2537,187601144.12
2024-03-06,2024-03-06 23:59:59,74.9478,74.9495,73.6,74.4479,1438,105729138.17
2024-03-07,2024-03-07 23:59:59,75.4985,75.4986,74.2001,75.1993,571,41972361.3
2024-03-11,2024-03-11 23:59:59,74.5058,75.2,74.5057,75.1959,336,24944373.75
2024-03-12,2024-03-12 23:59:59,75.1949,76.0,74.8596,75.95,1880,140662116.93
2024-03-13,2024-03-13 23:59:59,76.14,76.14,74.6976,75.1,3284,244974493.95
2024-03-14,2024-03-14 23:59:59,74.7082,75.12,74.7081,74.9986,607,45595600.14
2024-03-15,2024-03-15 23:59:59,74.9986,75.8799,74.8,75.5043,488,36940208.95
2024-03-18,2024-03-18 23:59:59,75.5043,75.5714,74.7335,75.35,438,32951160.82
2024-03-19,2024-03-19 23:59:59,75.3028,75.3028,74.26,74.5,2223,166474158.62
2024-03-20,2024-03-20 23:59:59,74.422,74.6684,74.343,74.343,351,26168051.71
2024-03-21,2024-03-21 23:59:59,74.3422,74.5076,73.8,74.5,737,54945579.67
2024-03-22,2024-03-22 23:59:59,74.8998,75.5322,74.8998,74.9006,1686,127243990.16
2024-03-25,2024-03-25 23:59:59,74.9363,75.6,74.1001,75.0,204,15330363.46
2024-03-26,2024-03-26 23:59:59,75.5896,75.5896,75.0,75.0102,887,66850720.7
2024-03-27,2024-03-27 23:59:59,75.1,75.4888,75.01,75.1,487,36754763.46
2024-03-28,2024-03-28 23:59:59,75.5924,75.5924,74.6717,75.0,498,37461719.03
2024-03-29,2024-03-29 23:59:59,75.4219,75.4219,73.9988,74.0,5907,437896656.76
2024-04-01,2024-04-01 23:59:59,74.4553,74.7699,74.0031,74.7652,327,24210782.25
2024-04-02,2024-04-02 23:59:59,74.76,75.4899,74.5112,75.4777,640,47873081.16
2024-04-03,2024-04-03 23:59:59,75.3,75.4899,74.3701,74.4,4094,304456457.28
2024-04-04,2024-04-04 23:59:59,74.3254,75.12,74.3254,75.12,2143,159242555.21
2024-04-05,2024-04-05 23:59:59,74.9201,75.239,74.5101,75.1983,409,30630054.35
2024-04-08,2024-04-08 23:59:59,75.1973,75.5049,74.49,75.4589,916,68882372.4
2024-04-09,2024-04-09 23:59:59,75.8834,76.9,75.2508,76.2211,1505,114799799.57
2024-04-10,2024-04-10 23:59:59,76.8084,77.5,75.84,76.9408,3436,267398053.36
2024-04-11,2024-04-11 23:59:59,77.12,77.7001,77.1,77.4593,1010,79182439.28
2024-04-12,2024-04-12 23:59:59,77.223,77.75,77.0,77.0,1127,87899540.41
2024-04-15,2024-04-15 23:59:59,77.6978,78.06,77.5003,77.9984,697,54128100.17
2024-04-16,2024-04-16 23:59:59,77.8008,78.56,77.65,78.56,713,55646797.82
2024-04-17,2024-04-17 23:59:59,78.5624,79.5,78.5624,79.2222,3462,274700297.42
2024-04-18,2024-04-18 23:59:59,79.2158,79.5499,78.33,78.9,1195,94840383.8
2024-04-19,2024-04-19 23:59:59,78.88,78.88,77.4,77.5001,1398,109473684.7
2024-04-22,2024-04-22 23:59:59,77.325,78.99,77.325,78.6001,336,26311366.97
2024-04-23,2024-04-23 23:59:59,78.6012,78.8998,78.4507,78.6968,261,20404184.58
2024-04-24,2024-04-24 23:59:59,78.4502,78.5087,77.5014,77.7429,1333,103591333.95
2024-04-25,2024-04-25 23:59:59,77.9505,78.9,77.9505,78.1213,948,73688028.51
2024-04-26,2024-04-26 23:59:59,78.2242,78.6324,77.7,77.7,398,30745451.8
2024-04-27,2024-04-27 23:59:59,78.3,78.77,77.9035,78.7089,1215,93911003.05
2024-04-29,2024-04-29 23:59:59,78.7997,79.5499,78.4999,79.3001,440,34220666.19
2024-04-30,2024-04-30 23:59:59,79.3001,79.6999,79.3,79.3932,212,16526106.08
2024-05-02,2024-05-02 23:59:59,79.395,79.3954,77.5011,78.0997,3039,232639037.64
2024-05-03,2024-05-03 23:59:59,77.51,78.0981,76.9252,77.4492,624,47574705.25
2024-05-06,2024-05-06 23:59:59,77.449,77.4491,76.755,76.8464,566,42979475.31
2024-05-07,2024-05-07 23:59:59,76.9758,76.9771,76.3,76.4676,764,57595281.83
2024-05-08,2024-05-08 23:59:59,76.5016,77.0466,76.4,76.8121,509,38370018.2
2024-05-10,2024-05-10 23:59:59,76.7398,77.0963,76.51,76.7944,56,4252032.54
2024-05-13,2024-05-13 23:59:59,76.7943,76.7943,75.8701,76.3725,300,22606099.48
2024-05-14,2024-05-14 23:59:59,76.2977,76.2991,75.6305,76.2394,755,56705461.81
2024-05-15,2024-05-15 23:59:59,76.249,76.2496,75.8501,76.2472,758,56823342.97
2024-05-16,2024-05-16 23:59:59,76.1577,76.249,75.711,75.9102,686,51415253.8
2024-05-17,2024-05-17 23:59:59,75.9114,76.1472,75.4,75.4,1288,96243233.76
2024-05-20,2024-05-20 23:59:59,75.4003,75.7321,74.025,74.1201,686,50589929.76
2024-05-21,2024-05-21 23:59:59,74.05,74.7998,73.55,73.8242,699,50956132.21
2024-05-22,2024-05-22 23:59:59,74.0001,75.1499,74.0,74.8784,550,40335273.9
2024-05-23,2024-05-23 23:59:59,74.8783,74.8783,74.056,74.7491,317,23089732.11
2024-05-24,2024-05-24 23:59:59,74.0746,74.57,73.24,73.3074,981,70740869.28
2024-05-27,2024-05-27 23:59:59,73.8944,74.199,73.0,73.4211,1146,81826581.11
2024-05-28,2024-05-28 23:59:59,73.5049,73.9995,73.5049,73.7722,1085,77026984.14
2024-05-29,2024-05-29 23:59:59,73.9997,74.9996,73.8998,74.8981,779,55778728.64
2024-05-30,2024-05-30 23:59:59,74.8981,75.38,74.8981,75.2383,918,66794777.91
2024-05-31,2024-05-31 23:59:59,75.2953,75.2998,74.7903,74.81,715,52056012.79
2024-06-03,2024-06-03 23:59:59,74.9899,75.0419,73.0,73.849,692,49688952.12
2024-06-04,2024-06-04 23:59:59,73.7001,74.1193,73.7001,74.1193,687,49165684.16
2024-06-05,2024-06-05 23:59:59,74.2999,74.2999,73.3,73.3,840,59870138.74
2024-06-06,2024-06-06 23:59:59,73.8,74.0696,73.05,74.0696,1770,125055191.05
2024-06-07,2024-06-07 23:59:59,73.5343,73.9839,73.1194,73.8295,892,63326215.16
2024-06-10,2024-06-10 23:59:59,73.3053,73.4723,72.7005,73.0,444,31368670.18
2024-06-11,2024-06-11 23:59:59,72.2672,73.91,72.25,73.5,131,9197224.32
2024-06-13,2024-06-13 23:59:59,73.2319,73.5,71.6251,72.3,950,65774693.59
2024-06-14,2024-06-14 23:59:59,72.7698,72.7699,71.7004,72.3066,520,35619246.31
2024-06-17,2024-06-17 23:59:59,72.3174,72.4787,69.96,70.6908,1294,87318595.17
2024-06-18,2024-06-18 23:59:59,69.9602,70.586,69.1,69.1607,1141,75932318.0
2024-06-19,2024-06-19 23:59:59,69.7901,69.9898,68.4208,68.5038,1069,69234903.36
2024-06-20,2024-06-20 23:59:59,69.1001,74.9497,69.1001,74.6537,776,50904691.2
2024-06-21,2024-06-21 23:59:59,75.2687,75.2687,72.5305,73.6,348,23396353.37
2024-06-24,2024-06-24 23:59:59,73.0357,73.2484,71.44,72.1977,136,9208888.86
2024-06-25,2024-06-25 23:59:59,72.197,72.9423,71.2222,72.4585,197,13327149.09
2024-06-26,2024-06-26 23:59:59,72.1494,72.1494,71.5168,71.98,195,13123296.74
2024-06-27,2024-06-27 23:59:59,71.207,72.5996,70.4001,70.6596,651,43493610.02
2024-06-28,2024-06-28 23:59:59,71.999,74.0,71.102,72.0606,541,35413713.51
2024-07-01,2024-07-01 23:59:59,71.5253,72.8,71.525,72.7236,667,44631237.25
2024-07-02,2024-07-02 23:59:59,71.6007,72.7,70.6,71.25,837,55944539.2
2024-07-03,2024-07-03 23:59:59,71.4,72.55,71.01,71.7232,872,58599051.18
2024-07-04,2024-07-04 23:59:59,71.7236,72.4899,71.2657,71.461,604,40860427.37
2024-07-05,2024-07-05 23:59:59,71.2519,72.1078,71.25,71.6799,403,27318263.98
2024-07-08,2024-07-08 23:59:59,71.5,71.6646,70.0,71.5982,537,36473077.72
2024-07-09,2024-07-09 23:59:59,71.6055,71.6055,70.5,70.5084,156,10531025.64
2024-07-10,2024-07-10 23:59:59,70.5084,70.9255,69.81,70.0509,291,19479978.12
2024-07-11,2024-07-11 23:59:59,70.501,70.8134,69.1002,70.7999,400,26686265.14
2024-07-12,2024-07-12 23:59:59,70.5466,70.7895,70.1994,70.7498,474,31923413.86
2024-07-15,2024-07-15 23:59:59,70.6,70.92,70.2806,70.9,113,7633396.92
2024-07-16,2024-07-16 23:59:59,70.5852,72.0,70.2611,71.5685,1001,68045368.41
2024-07-17,2024-07-17 23:59:59,71.569,71.6781,70.4667,70.467,827,56340625.76
2024-07-18,2024-07-18 23:59:59,71.1136,71.1136,70.0111,70.3206,416,28257762.39
2024-07-19,2024-07-19 23:59:59,70.5758,71.2352,70.35,70.48,230,15577751.89
2024-07-22,2024-07-22 23:59:59,70.5554,70.7393,70.0742,70.1812,899,60843247.73
2024-07-23,2024-07-23 23:59:59,70.4998,70.5,69.85,69.85,766,51435555.96
2024-07-24,2024-07-24 23:59:59,70.1813,70.1813,69.64,69.8,506,33737325.87
2024-07-25,2024-07-25 23:59:59,69.9332,70.0,69.6483,69.9332,267,17624765.21
2024-07-26,2024-07-26 23:59:59,70.3834,70.9999,70.3271,70.3271,553,36420427.54
2024-07-29,2024-07-29 23:59:59,70.5774,71.57,70.5774,70.8493,473,31327767.66
2024-07-30,2024-07-30 23:59:59,70.571,71.5632,69.8714,70.3263,468,31033570.75
2024-07-31,2024-07-31 23:59:59,70.5003,70.9171,69.8811,70.7861,179,11725508.46
2024-08-01,2024-08-01 23:59:59,70.7908,70.8167,69.7501,69.9898,132,8645099.45
2024-08-02,2024-08-02 23:59:59,70.0,70.4244,69.5187,69.5187,387,25105174.76
2024-08-05,2024-08-05 23:59:59,69.5181,70.4,68.9438,69.0914,560,36040823.66
2024-08-06,2024-08-06 23:59:59,69.404,69.404,68.01,68.8999,445,28433736.2
2024-08-07,2024-08-07 23:59:59,69.2494,69.2494,67.8492,68.1587,1094,69336323.71
2024-08-08,2024-08-08 23:59:59,68.0,68.349,67.3704,67.8186,583,37025834.79
2024-08-09,2024-08-09 23:59:59,67.8171,67.9,67.1,67.57,816,51809323.1
2024-08-12,2024-08-12 23:59:59,67.3495,68.6036,67.0035,68.6036,449,28785209.14
2024-08-13,2024-08-13 23:59:59,67.8094,69.88,67.3479,69.88,501,33319323.39
2024-08-14,2024-08-14 23:59:59,69.1995,69.1995,66.132,66.4469,2170,146590235.17
2024-08-15,2024-08-15 23:59:59,66.6801,66.6801,64.7474,65.2498,1733,113783822.83
2024-08-16,2024-08-16 23:59:59,66.4495,66.9945,66.2698,66.9399,574,37572093.07
2024-08-19,2024-08-19 23:59:59,67.0,67.0547,66.6894,67.0,565,36948342.42
2024-08-20,2024-08-20 23:59:59,66.4699,66.9213,65.793,66.9212,624,40891417.72
2024-08-21,2024-08-21 23:59:59,66.298,66.5,65.4199,65.879,830,54810654.56
2024-08-22,2024-08-22 23:59:59,65.331,65.331,62.7,63.2667,1082,70373727.74
2024-08-23,2024-08-23 23:59:59,63.4713,63.4713,62.9546,62.9546,811,52079665.23
2024-08-26,2024-08-26 23:59:59,62.9545,63.4484,62.25,63.05,528,33743188.25
2024-08-27,2024-08-27 23:59:59,62.5307,62.5307,61.62,62.0034,322,20438802.42
2024-08-28,2024-08-28 23:59:59,62.4899,62.4899,61.7989,62.2743,252,16018535.13
2024-08-29,2024-08-29 23:59:59,62.2463,62.4799,61.8004,62.3,365,23122449.93
2024-08-30,2024-08-30 23:59:59,62.0,62.3,61.2473,61.2473,819,51555989.23
2024-09-02,2024-09-02 23:59:59,61.8677,61.8677,60.0103,60.0792,717,43911041.54
2024-09-03,2024-09-03 23:59:59,61.3253,62.1122,59.4999,59.5,1100,65743133.02
2024-09-04,2024-09-04 23:59:59,59.9136,61.3258,59.8502,61.2501,2587,151982174.88
2024-09-05,2024-09-05 23:59:59,61.2501,61.2501,60.4058,60.8303,359,21371898.42
2024-09-06,2024-09-06 23:59:59,60.4101,60.8572,60.2042,60.8572,130,7820382.24
2024-09-09,2024-09-09 23:59:59,60.5787,61.4459,60.5577,61.4293,510,30996984.27
2024-09-10,2024-09-10 23:59:59,61.4072,61.683,61.0042,61.6,277,17018848.16
2024-09-11,2024-09-11 23:59:59,61.4293,61.4293,60.2216,60.5,2014,123226417.5
2024-09-12,2024-09-12 23:59:59,60.5,60.7,59.2838,59.4366,584,35167930.37
2024-09-13,2024-09-13 23:59:59,59.7665,60.6629,59.7665,60.6629,1377,82926573.38
2024-09-16,2024-09-16 23:59:59,60.3109,63.0185,60.011,60.9893,1522,93570692.46
2024-09-17,2024-09-17 23:59:59,61.0544,61.0545,60.055,60.35,128,7823924.4
2024-09-18,2024-09-18 23:59:59,60.22,60.9992,59.0001,59.2504,971,58599646.94
2024-09-19,2024-09-19 23:59:59,59.0302,59.9935,58.5151,59.1036,323,19440324.16
2024-09-20,2024-09-20 23:59:59,58.4999,59.177,58.1129,58.9617,639,38627319.67
2024-09-23,2024-09-23 23:59:59,58.6103,60.0003,57.3356,59.0,2717,163540633.32
2024-09-24,2024-09-24 23:59:59,58.4593,59.0008,58.4593,58.8997,370,22431867.93
2024-09-25,2024-09-25 23:59:59,58.7362,58.9797,58.0,58.4619,711,42810518.01
2024-09-26,2024-09-26 23:59:59,57.9901,58.2964,57.6107,57.8883,479,28652185.7
2024-09-27,2024-09-27 23:59:59,57.86,58.5517,57.86,58.5517,338,20338736.66
2024-09-30,2024-09-30 23:59:59,58.5526,59.0998,58.5526,58.9247,265,16121161.05
2024-10-01,2024-10-01 23:59:59,58.9248,58.9248,58.202,58.4996,268,16308942.45
2024-10-02,2024-10-02 23:59:59,58.5,58.5,57.887,58.0992,4106,247141759.38
2024-10-03,2024-10-03 23:59:59,57.8998,57.9,57.01,57.1999,811,48499926.48
2024-10-04,2024-10-04 23:59:59,57.4691,57.5017,56.8,57.0,694,41473203.28
2024-10-07,2024-10-07 23:59:59,57.0733,57.49,56.8512,57.4133,1911,114175904.91
2024-10-08,2024-10-08 23:59:59,57.4178,57.4178,56.4201,56.8768,470,28083922.97
2024-10-09,2024-10-09 23:59:59,56.8435,56.8438,55.1559,56.0,2295,135449097.95
2024-10-10,2024-10-10 23:59:59,55.4503,55.5983,53.0,53.381,3982,227608798.77
2024-10-11,2024-10-11 23:59:59,53.0559,53.1099,52.42,53.0385,936,52405200.49
2024-10-14,2024-10-14 23:59:59,54.1102,54.1999,53.2825,53.5,481,27141819.39
2024-10-15,2024-10-15 23:59:59,53.3702,53.75,53.3,53.3913,1415,79789075.32
2024-10-16,2024-10-16 23:59:59,53.0751,53.49,52.5361,52.7777,883,49320608.6
2024-10-17,2024-10-17 23:59:59,52.7775,52.7775,51.54,51.7897,914,50376373.68
2024-10-18,2024-10-18 23:59:59,52.0065,52.0065,50.8633,51.1425,1392,75760598.63
2024-10-21,2024-10-21 23:59:59,51.4398,52.1049,51.3179,51.4035,854,46429442.98
2024-10-22,2024-10-22 23:59:59,51.5,51.5,51.1582,51.1582,595,31901915.36
2024-10-23,2024-10-23 23:59:59,51.0601,51.111,50.4464,50.65,629,33502117.84
2024-10-24,2024-10-24 23:59:59,50.6804,51.0261,50.4463,50.8509,331,17469581.38
2024-10-25,2024-10-25 23:59:59,51.0261,51.2058,50.7038,50.88,253,13467391.95
2024-10-28,2024-10-28 23:59:59,50.8509,52.2637,50.5555,51.4999,1151,61837690.12
2024-10-29,2024-10-29 23:59:59,50.9996,51.0,50.5555,50.8997,565,30186080.62
2024-10-30,2024-10-30 23:59:59,50.7557,51.27,50.4678,50.9,709,38027848.48
2024-10-31,2024-10-31 23:59:59,51.0385,51.3953,50.4022,50.75,1857,99337656.77
2024-11-01,2024-11-01 23:59:59,50.2317,51.0,50.2316,50.7511,186,9967410.71
2024-11-02,2024-11-02 23:59:59,51.0906,51.0906,50.5038,50.6,204,10944414.09
2024-11-05,2024-11-05 23:59:59,51.9999,51.9999,50.1,50.7624,810,43545064.31
2024-11-06,2024-11-06 23:59:59,50.3618,50.5679,49.9587,50.3999,577,30921479.79
2024-11-07,2024-11-07 23:59:59,50.6297,51.1393,50.6022,51.0685,252,13575936.06
2024-11-08,2024-11-08 23:59:59,51.4999,52.027,51.1178,51.9651,733,39870381.88
2024-11-11,2024-11-11 23:59:59,51.9868,55.05,51.9868,54.014,3126,179802590.93
2024-11-12,2024-11-12 23:59:59,54.5399,54.54,54.0564,54.5,217,12378475.35
2024-11-13,2024-11-13 23:59:59,54.5,55.555,54.5,55.0,334,19261176.46
2024-11-14,2024-11-14 23:59:59,55.5679,55.6999,55.12,55.518,794,45853032.6
2024-11-15,2024-11-15 23:59:59,55.9696,56.201,54.0055,54.8,480,27629932.42
2024-11-18,2024-11-18 23:59:59,53.9651,54.5049,53.9644,54.1199,115,6576820.75
2024-11-19,2024-11-19 23:59:59,54.6567,54.83,54.2156,54.4282,216,12435563.43
2024-11-20,2024-11-20 23:59:59,54.363,54.4391,53.9022,53.9022,514,29429235.06
2024-11-21,2024-11-21 23:59:59,53.8501,54.4588,53.7678,54.35,332,18995233.99
2024-11-22,2024-11-22 23:59:59,53.6355,54.5,53.6355,54.5,611,35008909.6
2024-11-25,2024-11-25 23:59:59,54.1926,54.75,53.9901,54.6985,1770,103453446.53
2024-11-26,2024-11-26 23:59:59,54.65,56.5,53.751,54.5323,1318,78304597.84
2024-11-27,2024-11-27 23:59:59,53.4152,55.92,53.05,53.6491,1091,65373949.37
2024-11-28,2024-11-28 23:59:59,52.4186,53.2997,51.5772,52.4245,596,35384816.96
2024-11-29,2024-11-29 23:59:59,51.58,51.58,48.01,48.9999,1605,91719962.73
2024-12-02,2024-12-02 23:59:59,49.4,51.0325,49.3866,50.3899,715,41141296.99
2024-12-03,2024-12-03 23:59:59,51.1124,51.4495,49.8292,49.9436,999,56826044.52
2024-12-04,2024-12-04 23:59:59,49.9501,50.2799,49.3047,50.1874,1058,58891544.24
2024-12-05,2024-12-05 23:59:59,50.8616,50.8616,49.61,49.75,890,48833160.89
2024-12-06,2024-12-06 23:59:59,49.7503,50.0,49.2102,49.3495,908,49420357.14
2024-12-09,2024-12-09 23:59:59,50.9989,52.3972,50.9989,52.3971,844,46544984.21
2024-12-10,2024-12-10 23:59:59,52.88,53.3226,51.903,52.5306,454,25136503.39
2024-12-11,2024-12-11 23:59:59,52.21,54.43,52.0,54.0,494,27763316.4
2024-12-12,2024-12-12 23:59:59,52.4408,52.6152,51.2058,51.6899,366,20674693.13
2024-12-13,2024-12-13 23:59:59,51.445,51.445,50.2028,50.75,357,20002547.38
2024-12-16,2024-12-16 23:59:59,50.0024,51.69,50.0024,50.3464,385,21338324.92
2024-12-17,2024-12-17 23:59:59,51.3781,51.3781,50.3801,50.6293,418,23111134.59
2024-12-18,2024-12-18 23:59:59,50.7077,50.7589,50.0256,50.3392,1039,56564239.13
2024-12-19,2024-12-19 23:59:59,50.339,50.4878,49.8714,50.0,766,41621075.29
2024-12-20,2024-12-20 23:59:59,50.0,51.5944,49.8008,51.3002,1187,64568566.32
2024-12-23,2024-12-23 23:59:59,51.4347,51.8243,50.9315,51.1,1160,63224493.29
2024-12-24,2024-12-24 23:59:59,51.1111,52.25,51.1111,51.953,845,46117274.67
2024-12-25,2024-12-25 23:59:59,52.3303,54.875,52.3303,54.875,1679,94000248.67
2024-12-26,2024-12-26 23:59:59,54.94,56.1772,54.0703,55.7003,1431,82516243.53
2024-12-27,2024-12-27 23:59:59,55.7613,57.0997,55.73,56.4645,876,50750962.54
2024-12-28,2024-12-28 23:59:59,56.35,56.35,54.5,55.8917,1661,96755721.46
2024-12-30,2024-12-30 23:59:59,55.8557,57.3935,53.99,54.5533,877,51291031.01
2025-01-03,2025-01-03 23:59:59,55.5703,56.7418,55.5019,56.1719,260,15430143.36
2025-01-06,2025-01-06 23:59:59,56.2636,56.297,54.7002,55.7959,544,32086180.22
2025-01-08,2025-01-08 23:59:59,55.9116,56.2922,55.6,56.0599,381,22524143.24
2025-01-09,2025-01-09 23:59:59,55.9843,56.0316,55.4,55.4,415,24576860.07
2025-01-10,2025-01-10 23:59:59,56.1557,57.55,56.1557,56.9428,157,9324835.3
2025-01-13,2025-01-13 23:59:59,56.8,57.69,56.8,57.3603,449,27010608.8
2025-01-14,2025-01-14 23:59:59,57.7194,60.1277,57.7194,60.0,1407,87350400.14
2025-01-15,2025-01-15 23:59:59,58.88,60.1415,58.88,59.97,738,46963596.19
2025-01-16,2025-01-16 23:59:59,60.0031,60.0031,58.437,59.6571,456,28573497.06
2025-01-17,2025-01-17 23:59:59,59.7312,59.82,58.9,59.0,380,23856052.62
2025-01-20,2025-01-20 23:59:59,59.999,60.0,59.2756,59.7,832,52091090.35
2025-01-21,2025-01-21 23:59:59,59.498,59.9739,58.2983,58.9818,258,15953280.77
2025-01-22,2025-01-22 23:59:59,59.5358,60.0122,59.0159,59.3822,130,7981425.51
2025-01-23,2025-01-23 23:59:59,59.587,60.1242,59.587,60.1242,299,18493357.52
2025-01-24,2025-01-24 23:59:59,59.8501,60.25,59.8338,59.909,1460,90920666.1
2025-01-27,2025-01-27 23:59:59,59.909,60.3521,59.7702,60.25,873,54214950.9
2025-01-28,2025-01-28 23:59:59,60.1533,60.9906,60.0924,60.5032,1601,99508994.97
2025-01-29,2025-01-29 23:59:59,61.5184,61.9661,61.5182,61.665,464,29070874.51
2025-01-30,2025-01-30 23:59:59,61.6155,61.6155,60.2014,60.28,433,27068098.11
2025-01-31,2025-01-31 23:59:59,60.132,63.0,59.9992,61.0019,963,60026582.61
2025-02-03,2025-02-03 23:59:59,61.1057,61.6693,61.0,61.25,491,30697195.24
2025-02-04,2025-02-04 23:59:59,61.0016,61.2,60.5664,60.99,988,61619183.99
2025-02-05,2025-02-05 23:59:59,60.9002,60.9002,59.47,60.0,617,38097655.35
2025-02-06,2025-02-06 23:59:59,59.4208,60.9114,58.835,60.75,767,47054056.29
2025-02-07,2025-02-07 23:59:59,61.1977,62.4999,61.1977,62.4677,361,22549858.43
2025-02-10,2025-02-10 23:59:59,61.752,62.5,60.9997,61.2502,756,47141804.76
2025-02-11,2025-02-11 23:59:59,62.0396,62.18,61.6921,61.89,213,13241663.52
2025-02-12,2025-02-12 23:59:59,61.7943,62.25,57.9989,58.5881,505,30066004.93
2025-02-13,2025-02-13 23:59:59,58.6001,60.5001,58.6001,59.6638,656,38399864.48
2025-02-14,2025-02-14 23:59:59,60.1023,62.75,60.1023,62.3437,1154,68448527.1
2025-02-17,2025-02-17 23:59:59,61.8312,62.5,61.7392,62.249,1859,110115927.41
2025-02-18,2025-02-18 23:59:59,61.1068,62.25,61.1067,61.998,1490,88486363.28
2025-02-19,2025-02-19 23:59:59,61.9979,62.78,61.3861,61.3861,906,53504411.62
2025-02-20,2025-02-20 23:59:59,62.4351,62.4779,61.1,61.3486,826,47720098.36
2025-02-21,2025-02-21 23:59:59,61.5516,63.5,61.5516,63.0,2377,138470833.85
2025-02-24,2025-02-24 23:59:59,63.2993,63.9997,63.0,63.0,507,29645347.9
2025-02-25,2025-02-25 23:59:59,62.4984,63.035,62.2077,62.5433,736,42616642.4
2025-02-26,2025-02-26 23:59:59,63.5,64.7,62.9994,64.7,2204,127319900.1
2025-02-27,2025-02-27 23:59:59,63.1208,65.9086,62.6824,65.9086,3708,217295199.42
2025-02-28,2025-02-28 23:59:59,63.8171,64.6732,63.4926,63.99,3139,184876096.98
2025-03-03,2025-03-03 23:59:59,64.8655,65.7999,62.12,63.5142,3273,191213548.95
2025-03-04,2025-03-04 23:59:59,62.501,63.0159,62.5009,63.0,2919,170411132.76
2025-03-05,2025-03-05 23:59:59,63.0,64.0001,62.5,64.0,1300,77022066.46
2025-03-06,2025-03-06 23:59:59,63.5,63.5,62.5995,62.9,573,34490380.82
2025-03-07,2025-03-07 23:59:59,62.3348,62.3348,60.8697,61.9253,2272,135737421.35
2025-03-10,2025-03-10 23:59:59,61.4847,61.999,60.5001,61.2253,399,23665965.27
2025-03-11,2025-03-11 23:59:59,61.9929,62.6,61.5,62.5986,1406,83481578.03
2025-03-12,2025-03-12 23:59:59,62.7999,64.25,62.7999,63.6303,2064,123791403.91
2025-03-13,2025-03-13 23:59:59,63.3002,63.6371,63.1013,63.2849,1689,100583670.5
2025-03-14,2025-03-14 23:59:59,64.5589,64.6064,63.4,63.6564,410,24754680.67
2025-03-17,2025-03-17 23:59:59,63.6023,63.6052,62.33,62.3699,182,10726159.82
2025-03-18,2025-03-18 23:59:59,64.055,64.5,63.2289,64.2045,2899,168395062.3
2025-03-19,2025-03-19 23:59:59,65.9999,69.0899,65.9999,67.9998,1257,74479805.32
2025-03-20,2025-03-20 23:59:59,66.9992,66.9992,65.0618,65.9001,2533,151512991.15
2025-03-21,2025-03-21 23:59:59,65.175,66.8984,64.2266,64.6793,229,13722565.08
2025-03-24,2025-03-24 23:59:59,64.6797,66.4429,64.6796,66.3,432,26001230.97
2025-03-25,2025-03-25 23:59:59,65.4277,65.5547,65.001,65.2174,1561,93538785.63
2025-03-26,2025-03-26 23:59:59,64.9756,64.9767,63.7879,63.7879,752,44855194.16
2025-03-27,2025-03-27 23:59:59,63.9684,64.64,63.0001,63.1502,815,47722411.34
2025-03-28,2025-03-28 23:59:59,64.5098,67.4923,64.4542,67.0504,554,33130115.52
2025-03-31,2025-03-31 23:59:59,67.1658,68.015,66.6222,67.0,417,25146956.68
2025-04-01,2025-04-01 23:59:59,66.9001,66.9001,63.7527,64.5976,1036,61567101.3
2025-04-02,2025-04-02 23:59:59,65.563,65.8,65.35,65.35,95,5718377.32
2025-04-03,2025-04-03 23:59:59,66.0009,67.36,65.1731,67.2687,1277,78015545.53
2025-04-04,2025-04-04 23:59:59,66.9998,67.3,64.0814,66.0787,843,51501128.42
2025-04-07,2025-04-07 23:59:59,66.5624,67.2682,66.2,66.4728,527,32670341.38
2025-04-08,2025-04-08 23:59:59,64.1551,65.6456,64.1551,65.6456,593,36492367.19
2025-04-09,2025-04-09 23:59:59,66.6524,67.1931,65.0,65.0027,867,53429537.98
2025-04-10,2025-04-10 23:59:59,65.0,65.0,62.4208,63.8048,1589,95602473.22
2025-04-11,2025-04-11 23:59:59,63.9234,65.3022,63.9234,64.5853,661,40544174.8
2025-04-14,2025-04-14 23:59:59,64.7848,64.7848,63.2,63.9165,633,38794679.08
2025-04-15,2025-04-15 23:59:59,62.6581,65.9264,62.6581,65.1996,288,17561990.07
2025-04-16,2025-04-16 23:59:59,65.715,66.7132,65.656,66.3144,673,41629896.79
2025-04-17,2025-04-17 23:59:59,66.0009,66.0009,64.3363,64.5138,369,22450275.24
2025-04-18,2025-04-18 23:59:59,64.8673,65.9787,63.7553,64.7756,381,23089063.69
2025-04-21,2025-04-21 23:59:59,65.4228,66.4951,65.4228,65.8885,460,28076895.36
2025-04-22,2025-04-22 23:59:59,65.8835,65.8836,64.2,65.1499,505,30632579.71
2025-04-23,2025-04-23 23:59:59,64.5001,65.9407,64.3002,65.7646,627,38463084.48
2025-04-24,2025-04-24 23:59:59,65.0802,65.128,64.7,64.9,290,17784958.42
2025-04-25,2025-04-25 23:59:59,64.9,64.9,64.1,64.1,661,40361521.64
2025-04-28,2025-04-28 23:59:59,65.9975,65.9975,63.2885,63.9,399,24050657.54
2025-04-29,2025-04-29 23:59:59,64.04,64.4895,64.0001,64.483,450,26948507.1
2025-04-30,2025-04-30 23:59:59,64.4831,64.4831,63.3942,63.9,792,47194180.74
2025-05-02,2025-05-02 23:59:59,63.5001,66.0974,63.5001,66.0831,968,59003982.44
2025-05-05,2025-05-05 23:59:59,66.0831,66.0831,64.7284,64.8987,148,8935384.52
2025-05-06,2025-05-06 23:59:59,64.7282,64.9784,64.2771,64.4496,106,6365362.86
2025-05-07,2025-05-07 23:59:59,65.1681,65.8147,64.9,65.3673,735,44092835.19
2025-05-08,2025-05-08 23:59:59,65.6498,65.65,65.0912,65.2962,99,5969637.93
2025-05-12,2025-05-12 23:59:59,64.955,64.955,63.5131,64.0,732,43252673.16
2025-05-13,2025-05-13 23:59:59,65.4481,65.4547,64.81,65.0,413,24258718.41
2025-05-14,2025-05-14 23:59:59,65.4999,66.0436,65.1001,65.689,903,53141675.62
2025-05-15,2025-05-15 23:59:59,65.1511,65.3,64.6413,65.1316,508,29832377.88
2025-05-16,2025-05-16 23:59:59,65.8499,65.8999,65.4139,65.4428,234,13823779.33
2025-05-19,2025-05-19 23:59:59,64.9514,65.38,64.9514,65.2999,900,53317620.2
2025-05-20,2025-05-20 23:59:59,65.3046,65.9948,65.3046,65.9945,466,27774239.17
2025-05-21,2025-05-21 23:59:59,66.1099,66.11,65.0713,65.6615,415,24480242.77
2025-05-22,2025-05-22 23:59:59,65.0514,65.0514,63.4478,64.2068,532,31048487.46
2025-05-23,2025-05-23 23:59:59,65.2995,65.2996,64.3024,64.3024,316,18490903.13
2025-05-26,2025-05-26 23:59:59,64.6952,64.7474,64.48,64.48,265,15494975.24
2025-05-27,2025-05-27 23:59:59,64.4797,64.65,64.4059,64.5511,462,26978779.79
2025-05-28,2025-05-28 23:59:59,64.4473,64.4473,62.0005,62.6988,638,36321549.03
2025-05-29,2025-05-29 23:59:59,63.1214,63.1214,60.75,60.9497,2594,143633560.08
2025-05-30,2025-05-30 23:59:59,62.3554,62.8479,61.7745,62.5576,702,38995503.23
2025-06-02,2025-06-02 23:59:59,62.8998,63.8699,62.8892,63.8699,559,31705733.66
2025-06-03,2025-06-03 23:59:59,63.2615,63.2615,61.2822,61.9997,420,23585617.61
2025-06-04,2025-06-04 23:59:59,61.8108,62.95,61.8108,62.95,435,24477659.54
2025-06-05,2025-06-05 23:59:59,63.2009,63.7459,63.2009,63.723,552,31325906.17
2025-06-06,2025-06-06 23:59:59,63.9997,63.9997,61.61,62.2714,264,14910226.93
2025-06-09,2025-06-09 23:59:59,62.2716,62.418,61.8206,61.8206,165,9257992.53
2025-06-10,2025-06-10 23:59:59,61.65,61.87,61.0,61.0,428,23782596.32
2025-06-11,2025-06-11 23:59:59,61.7444,62.3645,61.7,62.3645,298,16592159.16
2025-06-13,2025-06-13 23:59:59,62.3645,62.5643,62.0,62.5,47,2635005.54
2025-06-16,2025-06-16 23:59:59,62.2641,62.9965,62.1007,62.7107,723,40819683.24
2025-06-17,2025-06-17 23:59:59,62.5577,62.5577,61.09,61.09,626,34989094.12
2025-06-18,2025-06-18 23:59:59,60.6907,61.0384,60.5002,60.73,587,32317044.25
2025-06-19,2025-06-19 23:59:59,61.127,61.127,60.2998,60.8,895,48850369.62
2025-06-20,2025-06-20 23:59:59,61.5753,61.6002,60.9033,61.4999,750,41431532.07
2025-06-23,2025-06-23 23:59:59,61.3131,61.3131,60.6122,61.2112,315,17344869.11
2025-06-24,2025-06-24 23:59:59,62.4333,62.8985,61.7664,61.7664,127,7115501.77
2025-06-25,2025-06-25 23:59:59,61.4,61.4,60.3018,60.5249,194,10768031.63
2025-06-26,2025-06-26 23:59:59,61.8079,61.8103,60.9489,61.8,169,9443130.36
2025-06-27,2025-06-27 23:59:59,61.7678,61.892,61.0509,61.4004,958,53941885.36
2025-06-30,2025-06-30 23:59:59,61.4007,61.4007,60.6956,61.1351,470,26444758.66
2025-07-01,2025-07-01 23:59:59,61.0315,62.0,61.0314,62.0,1711,97289427.4
2025-07-02,2025-07-02 23:59:59,62.3229,62.3229,61.4596,62.05,672,38474296.48
2025-07-03,2025-07-03 23:59:59,61.8659,62.0515,61.5503,61.8,437,25020595.33
2025-07-04,2025-07-04 23:59:59,61.8,61.8,60.9999,61.5,1176,67180479.25
2025-07-07,2025-07-07 23:59:59,61.2547,61.257,60.0004,60.2,1190,66744874.35
2025-07-08,2025-07-08 23:59:59,60.7284,61.2458,60.0865,60.6066,399,22357191.92
2025-07-09,2025-07-09 23:59:59,60.7208,61.3796,60.4397,60.5492,276,15369757.15
2025-07-10,2025-07-10 23:59:59,61.6738,61.6738,60.3365,60.3365,738,40845390.66
2025-07-11,2025-07-11 23:59:59,60.2693,61.2017,60.2693,61.2017,724,40078886.13
2025-07-14,2025-07-14 23:59:59,60.3468,61.7503,60.3468,61.7503,175,9748226.89
2025-07-15,2025-07-15 23:59:59,60.863,61.5,60.4015,61.0215,529,29661416.89
2025-07-16,2025-07-16 23:59:59,61.5421,61.5421,60.6003,61.5416,812,45069086.84
2025-07-17,2025-07-17 23:59:59,61.8007,63.07,61.8007,63.0,1884,106971840.48
2025-07-18,2025-07-18 23:59:59,63.0001,64.6,62.9616,64.0527,1093,63477787.14
2025-07-21,2025-07-21 23:59:59,61.0401,65.2771,61.0401,64.0886,1003,59135908.86
2025-07-22,2025-07-22 23:59:59,65.0967,65.0968,64.25,64.25,1469,86680078.14
2025-07-23,2025-07-23 23:59:59,64.9276,66.588,64.5,66.55,2118,127266073.84
2025-07-24,2025-07-24 23:59:59,66.5001,67.6485,65.4,67.2,1100,67370451.67
2025-07-25,2025-07-25 23:59:59,66.737,66.8235,65.2607,65.6,498,30609222.41
2025-07-28,2025-07-28 23:59:59,64.0001,69.5,64.0,67.3,737,46175272.16
2025-07-29,2025-07-29 23:59:59,67.3406,67.9004,67.0131,67.8,2183,136996210.95
2025-07-30,2025-07-30 23:59:59,66.3001,66.3345,63.9567,63.9567,1204,74201265.43
2025-07-31,2025-07-31 23:59:59,64.828,66.6836,63.9519,64.3013,1779,110217816.75
2025-08-01,2025-08-01 23:59:59,65.99,67.3998,65.5245,65.9999,1116,67641950.24
2025-08-04,2025-08-04 23:59:59,66.0003,67.25,65.4,67.25,1881,114340515.49
2025-08-05,2025-08-05 23:59:59,66.4746,67.25,66.25,66.9101,3926,241575224.75
2025-08-06,2025-08-06 23:59:59,67.1947,67.969,66.8806,66.8806,953,59252601.88
2025-08-07,2025-08-07 23:59:59,67.0349,67.2496,66.5002,67.2495,4380,272694901.55
2025-08-08,2025-08-08 23:59:59,67.9431,69.4758,67.5,69.2965,785,50039876.25
2025-08-11,2025-08-11 23:59:59,69.4989,69.704,68.9558,69.2,1257,80892044.64
2025-08-12,2025-08-12 23:59:59,69.7971,70.2,69.5842,69.9,270,17511905.51
2025-08-13,2025-08-13 23:59:59,70.7539,71.4294,70.4997,71.4294,1774,116752523.3
2025-08-14,2025-08-14 23:59:59,71.0004,72.9989,70.9899,72.8149,977,65389654.45
2025-08-15,2025-08-15 23:59:59,72.8109,74.4988,72.8108,73.7403,1722,117862889.21
2025-08-18,2025-08-18 23:59:59,74.4994,75.7661,73.2211,75.348,926,64909186.96
2025-08-19,2025-08-19 23:59:59,75.3485,75.3485,74.0,74.9999,1637,115206719.41
2025-08-20,2025-08-20 23:59:59,75.0003,75.9996,75.0,75.5,2782,196753442.55
2025-08-21,2025-08-21 23:59:59,75.1796,77.353,75.1796,76.19,978,70023631.04
2025-08-22,2025-08-22 23:59:59,76.1683,76.6268,75.5838,76.04,457,32526109.92
2025-08-25,2025-08-25 23:59:59,76.0397,77.5,75.5987,76.1227,1909,137206923.03
2025-08-26,2025-08-26 23:59:59,75.5301,75.9732,75.033,75.9,317,22614340.72
2025-08-27,2025-08-27 23:59:59,76.4003,77.15,75.7504,76.6463,794,56937593.95
2025-08-28,2025-08-28 23:59:59,76.9999,77.0001,76.3333,76.6058,346,24780152.89
2025-08-29,2025-08-29 23:59:59,76.4449,76.9999,76.1682,76.9999,1444,103179996.94
2025-09-01,2025-09-01 23:59:59,76.268,77.0899,76.2679,76.81,389,28132407.74
2025-09-02,2025-09-02 23:59:59,77.1749,77.1999,75.6001,76.0008,868,62373639.96
2025-09-03,2025-09-03 23:59:59,76.7922,76.99,76.2721,76.6052,775,55747097.68
2025-09-04,2025-09-04 23:59:59,76.2408,76.95,76.0911,76.56,3828,275957203.17
2025-09-05,2025-09-05 23:59:59,76.9067,76.9898,76.5741,76.9898,394,28706100.19
2025-09-08,2025-09-08 23:59:59,76.9802,77.5,76.7755,77.5,469,34618848.57
2025-09-09,2025-09-09 23:59:59,77.4359,79.0,77.4359,79.0,2032,153823436.97
2025-09-10,2025-09-10 23:59:59,78.9999,78.9999,77.9938,78.72,1107,85134191.95
2025-09-11,2025-09-11 23:59:59,77.9454,78.0258,75.7188,77.2,390,29847372.11
2025-09-12,2025-09-12 23:59:59,78.0,78.0,75.0,76.0001,1028,78684720.86
2025-09-15,2025-09-15 23:59:59,75.3507,76.0003,73.1508,75.498,421,31284297.51
2025-09-16,2025-09-16 23:59:59,75.5001,77.6991,75.5001,77.1222,108,8097209.89
2025-09-17,2025-09-17 23:59:59,77.3995,77.3996,76.8193,76.9297,200,15102191.17
2025-09-18,2025-09-18 23:59:59,76.5261,77.1034,76.3383,76.6648,236,17835536.54
2025-09-19,2025-09-19 23:59:59,76.1438,76.4001,75.2009,76.0,323,24297480.59
2025-09-22,2025-09-22 23:59:59,75.9494,76.3462,74.3781,76.0,596,44593475.25
2025-09-23,2025-09-23 23:59:59,75.7851,76.75,74.588,75.0022,900,67789396.16
2025-09-24,2025-09-24 23:59:59,75.0022,76.0454,74.494,75.1616,2451,182041039.52
2025-09-25,2025-09-25 23:59:59,73.9457,76.4993,73.9457,75.8495,190,14269508.79
2025-09-26,2025-09-26 23:59:59,75.2002,75.6,74.5006,75.1598,161,11923066.68
2025-09-29,2025-09-29 23:59:59,74.7507,75.7975,74.0002,74.0665,819,59916823.84
2025-09-30,2025-09-30 23:59:59,74.3871,74.8164,73.8706,73.8706,70,5052192.37
2025-10-01,2025-10-01 23:59:59,74.0007,74.0018,72.25,73.5387,176,12489109.02
2025-10-02,2025-10-02 23:59:59,75.5967,75.5975,73.003,74.4,234,16593277.14
2025-10-03,2025-10-03 23:59:59,74.4998,75.99,74.263,75.1935,869,62222801.95
2025-10-06,2025-10-06 23:59:59,76.8499,77.7,75.104,75.6906,168,12312631.26
2025-10-07,2025-10-07 23:59:59,75.5002,75.5002,74.4293,75.0001,618,44897959.04
2025-10-08,2025-10-08 23:59:59,75.4999,76.5,73.77,74.9681,550,39615666.83
2025-10-09,2025-10-09 23:59:59,74.6,76.1495,74.1164,75.7,259,18415918.16
2025-10-10,2025-10-10 23:59:59,75.7499,75.75,74.2731,75.2,868,61588275.7
2025-10-13,2025-10-13 23:59:59,73.9119,74.998,73.8309,74.5,159,11119822.48
2025-10-14,2025-10-14 23:59:59,74.4996,74.4996,72.4,73.2,365,25055157.13
2025-10-15,2025-10-15 23:59:59,73.2617,74.4,72.5001,73.6736,522,35571595.01
2025-10-16,2025-10-16 23:59:59,74.7998,77.8796,74.15,77.1,1229,84961445.24
2025-10-17,2025-10-17 23:59:59,77.1159,78.8895,76.05,77.9,846,60423370.7
2025-10-20,2025-10-20 23:59:59,74.0087,77.6304,74.0087,76.1512,109,7866984.43
2025-10-21,2025-10-21 23:59:59,74.7611,77.75,74.761,76.9999,112,8072368.36
2025-10-22,2025-10-22 23:59:59,76.2687,77.5181,76.2687,76.4503,48,3489147.1
2025-10-23,2025-10-23 23:59:59,76.3337,77.5392,75.7777,76.1694,164,11856577.98
2025-10-24,2025-10-24 23:59:59,74.2575,76.3969,74.0017,74.7628,328,23383030.02
2025-10-27,2025-10-27 23:59:59,74.1003,75.3798,74.0999,75.2998,385,26869883.55
2025-10-28,2025-10-28 23:59:59,74.6579,76.3998,74.6578,76.22,64,4479450.47
2025-10-29,2025-10-29 23:59:59,75.368,76.0633,74.2127,76.0599,336,23470267.71
2025-10-30,2025-10-30 23:59:59,75.8103,76.3685,75.4437,76.3685,562,39388484.85
2025-10-31,2025-10-31 23:59:59,75.0162,75.9898,75.0161,75.4031,71,5006934.74
2025-11-01,2025-11-01 23:59:59,75.0235,75.5,74.9561,75.5,62,4360862.21
2025-11-03,2025-11-03 23:59:59,75.4873,75.4874,75.0628,75.2759,9,632373.1
2025-11-05,2025-11-05 23:59:59,75.4992,75.4992,74.9586,75.4845,62,4351033.63
2025-11-06,2025-11-06 23:59:59,74.8575,75.5,74.4998,75.5,309,21603579.71
2025-11-07,2025-11-07 23:59:59,75.1999,75.2001,73.9229,74.4724,99,6941510.67
2025-11-10,2025-11-10 23:59:59,73.9004,74.6502,73.8,74.3,72,5021115.96
2025-11-11,2025-11-11 23:59:59,73.9,74.2997,73.7336,74.268,125,8696690.96
2025-11-12,2025-11-12 23:59:59,73.7275,74.4188,73.3061,74.3817,343,23805263.52
2025-11-13,2025-11-13 23:59:59,74.1181,75.6499,73.0448,73.5,595,41348093.56
2025-11-14,2025-11-14 23:59:59,74.5727,74.573,73.9734,73.9734,107,7460459.69
2025-11-17,2025-11-17 23:59:59,73.4628,74.7801,72.4095,72.4095,292,20287066.54
2025-11-18,2025-11-18 23:59:59,72.9717,74.8999,72.5,74.2501,479,33214477.68
2025-11-19,2025-11-19 23:59:59,74.5999,74.5999,72.501,73.0462,570,39308823.5
2025-11-20,2025-11-20 23:59:59,74.1988,75.6751,72.8622,73.4997,152,10581105.97
2025-11-21,2025-11-21 23:59:59,73.5304,73.898,72.194,73.4855,76,5155517.0
2025-11-24,2025-11-24 23:59:59,74.3988,75.4999,70.0,74.6141,193,12726127.59
2025-11-25,2025-11-25 23:59:59,74.4,74.4,73.4257,73.59,56,3784606.92
2025-11-26,2025-11-26 23:59:59,73.5622,74.2681,70.8883,74.25,733,48879389.88
2025-11-27,2025-11-27 23:59:59,72.8458,74.2498,72.4775,73.3735,395,26581906.01
2025-11-28,2025-11-28 23:59:59,74.75,75.6,70.0,73.8,546,36661456.57
2025-12-01,2025-12-01 23:59:59,70.5008,74.25,70.5002,73.4999,590,39173493.47
2025-12-02,2025-12-02 23:59:59,73.7499,73.7499,72.5039,73.6776,472,31195770.2
2025-12-03,2025-12-03 23:59:59,73.9999,74.5,73.4,73.7127,563,37304083.64
2025-12-04,2025-12-04 23:59:59,72.9306,74.2851,72.0,72.5108,361,23755894.81
2025-12-05,2025-12-05 23:59:59,74.2438,74.25,73.3937,73.3937,156,10403391.0
2025-12-08,2025-12-08 23:59:59,74.2497,74.7504,74.0,74.33,344,22746791.07
2025-12-09,2025-12-09 23:59:59,73.5464,75.5,73.5463,74.5649,1337,90245034.23
2025-12-10,2025-12-10 23:59:59,75.4707,77.5057,74.9305,76.85,965,65392034.87
2025-12-11,2025-12-11 23:59:59,75.7795,76.9,75.7795,76.88,970,68041674.85
2025-12-12,2025-12-12 23:59:59,75.7879,77.0845,75.5001,75.5001,972,68637172.17
2025-12-15,2025-12-15 23:59:59,75.7346,77.3987,75.2578,75.9897,371,26511105.45
2025-12-16,2025-12-16 23:59:59,74.2215,77.1899,74.2215,76.4996,166,11837904.97
2025-12-17,2025-12-17 23:59:59,77.1888,77.1993,76.0,76.5999,609,43735680.02
2025-12-18,2025-12-18 23:59:59,73.8887,76.8,73.8887,76.6,1472,104922130.82
2025-12-19,2025-12-19 23:59:59,75.918,77.7348,75.918,77.269,172,12464912.25
2025-12-22,2025-12-22 23:59:59,75.616,77.0002,75.1227,75.123,216,15539160.79
2025-12-23,2025-12-23 23:59:59,76.4939,77.3999,75.3946,76.5999,1059,75526882.15
2025-12-24,2025-12-24 23:59:59,77.1435,77.1435,76.588,76.71,337,23998185.79
2025-12-25,2025-12-25 23:59:59,77.125,77.125,75.8,76.532,521,36712365.77
2025-12-26,2025-12-26 23:59:59,76.5,77.4,76.5,76.9999,864,60977608.02
